Workbook

Sheet 📥 Inputs
A1: SOCA Platform — Capacity & Cost Calculator
A2: Fill in the BLUE cells. All other cells are calculated automatically.
A4: EDGE DEPLOYMENT (soca-dashboard + soca-engine per device)
B5: Parameter | C5: Value | D5: Unit | E5: Notes
B6: Number of Edge Devices | C6: 5 | D6: devices | E6: Each device runs soca-dashboard + soca-engine
B7: Cameras per Edge Device | C7: 4 | D7: cameras | E7: IP cameras connected to each edge
B8: Total Cameras | C8: =C6*C7 -> 20 | D8: cameras | E8: =C6*C7 — auto calculated -> #NAME?
B9: Detection Events per Camera | C9: 6 | D9: events/hour | E9: Avg detections triggered per camera per hour
B10: Active Hours per Day | C10: 18 | D10: hours/day | E10: Camera operational hours (0–24)
B11: Snapshot Size per Alert | C11: 150 | D11: KB | E11: Typical JPEG snapshot ~50–300 KB
B12: GCS Path Prefix per Edge | C12: 1 | D12: prefix | E12: 1 prefix per edge (e.g. edge-jakarta-01/)
A14: CLOUD DEPLOYMENT (soca-control + soca-service)
B15: Cloud Region | C15: asia-southeast1 | E15: GCP region for Pub/Sub, GCS, Cloud Run
B16: Ingest API Calls/Alert | C16: 2 | D16: calls | E16: HTTP calls from soca-service → soca-control per alert
A18: RETENTION & TIME PARAMETERS
B19: Days per Month | C19: 30 | D19: days | E19: Used for monthly cost projection
B20: GCS Snapshot Retention | C20: 90 | D20: days | E20: How long snapshots kept in GCS Standard tier
B21: Pub/Sub Message Size | C21: 1.5 | D21: KB | E21: Pub/Sub payload overhead (JSON detection data)
B22: Pub/Sub Ack Deadline | C22: 600 | D22: sec | E22: Max time before message redelivery
A24: GCP PRICING REFERENCE (edit to update pricing)
B25: Pub/Sub — per GB throughput | C25: 0.04 | D25: $/GB | E25: After free tier (10 GB/month)
B26: Pub/Sub — free tier | C26: 10 | D26: GB/month | E26: First 10 GB free per month
B27: GCS Standard Storage | C27: 0.02 | D27: $/GB/month | E27: asia-southeast1 region
B28: GCS Nearline Storage | C28: 0.01 | D28: $/GB/month | E28: For older snapshots (>30 days)
B29: GCS Write Ops (Class A) | C29: 0.05 | D29: $/10,000 ops | E29: PUT, POST to GCS
B30: GCS Read Ops (Class B) | C30: 0.004 | D30: $/10,000 ops | E30: GET from GCS
B31: GCS Egress (internet) | C31: 0.08 | D31: $/GB | E31: After 1 GB free/month
B32: Cloud Run — vCPU | C32: 2.4e-05 | D32: $/vCPU-second | E32: When processing requests
B33: Cloud Run — Memory | C33: 2.5e-06 | D33: $/GB-second | E33: When processing requests
B34: Cloud Run — Requests | C34: 0.4 | D34: $/million req | E34: After 2 million free/month
B35: GCE e2-micro (shared) | C35: 5.48 | D35: $/month | E35: 0.25 vCPU, 1 GB RAM
B36: GCE e2-small (shared) | C36: 10.96 | D36: $/month | E36: 0.5 vCPU, 2 GB RAM
... B38: GCE e2-standard-2 | C38: 48.92 | D38: $/month | E38: 2 vCPU, 8 GB RAM

Sheet 📊 Usage & Capacity
A1: Usage & Capacity Calculations
A2: All values derived from '📥 Inputs' sheet
A4: VOLUME — DETECTIONS & ALERTS
B5: Total Edge Devices | C5: ='📥 Inputs'!C6 -> 5 | D5: devices
B6: Cameras per Edge | C6: ='📥 Inputs'!C7 -> 4 | D6: cameras
B7: Total Cameras | C7: =C5*C6 -> 20 | D7: cameras
B8: Detections / Camera / Hr | C8: ='📥 Inputs'!C9 -> 6 | D8: events/hr
B9: Active Hours / Day | C9: ='📥 Inputs'!C10 -> 18 | D9: hrs/day
B10: Alerts / Camera / Day | C10: =C8*C9 -> 108 | D10: alerts/day
B11: Alerts / Edge / Day | C11: =C10*C6 -> 432 | D11: alerts/day | E11: sum per edge device
B12: Total Alerts / Day | C12: =C11*C5 -> 2160 | D12: alerts/day | E12: all edges
B13: Total Alerts / Month | C13: =C12*'📥 Inputs'!C19 -> 64800 | D13: alerts/month
B14: Total Alerts / Year | C14: =C13*12 -> 777600 | D14: alerts/year
A16: PUB/SUB THROUGHPUT
B17: Pub/Sub Msg Size | C17: ='📥 Inputs'!C21 -> 1.5 | D17: KB | E17: from Inputs
B18: Messages / Month | C18: =C13 -> 64800 | D18: messages | E18: 1 msg per alert
B19: Data Volume / Month (KB) | C19: =C18*C17 -> 97200 | D19: KB/month
B20: Data Volume / Month (GB) | C20: =C19/1024/1024 -> 0.092697144 | D20: GB/month
B21: Billable GB (after 10 free) | C21: =MAX(0,C20-'📥 Inputs'!C26) -> 0 | D21: GB/month | E21: first 10 GB free
A23: GCS STORAGE — SNAPSHOTS
B24: Snapshot Size | C24: ='📥 Inputs'!C11 -> 150 | D24: KB | E24: per alert
B25: Retention Period | C25: ='📥 Inputs'!C20 -> 90 | D25: days
B26: Snapshots Stored | C26: =C13*(C25/'📥 Inputs'!C19) -> 194400 | D26: snapshots | E26: active retention window
B27: Storage Volume | C27: =C27*C24/1024/1024 | D27: GB | E27: total stored
B28: Write Ops / Month | C28: =C13 -> 64800 | D28: ops/month | E28: 1 write per alert
B29: Read Ops / Month | C29: =C13*0.3 -> 19440 | D29: ops/month | E29: est. 30% read rate for monitoring
A31: SOCA-SERVICE — API CALL VOLUME
B32: Ingest Calls / Month | C32: =C13*'📥 Inputs'!C16 -> 129600 | D32: calls/month | E32: to soca-control /api/v1/ingest/
B33: Edge Poll Calls / Month | C33: =C5*(60/'📥 Inputs'!C19)*1440*2 -> 28800 | D33: calls/month | E33: 30s interval × 2 consumers
B34: Health Check Calls / Month | C34: =C5*1440*'📥 Inputs'!C19*2 -> 432000 | D34: calls/month | E34: soca-control polls every 15s
B35: Total API Calls / Month | C35: =SUM(C32:C34) -> 590400 | D35: calls/month

Sheet 💰 Cost Breakdown
A1: Monthly Cost Breakdown
B3: Service / Component | C3: Monthly Volume | D3: Unit Price | E3: Monthly Cost | F3: Annual Cost | G3: Notes
A4: GOOGLE CLOUD PUB/SUB
B5: Message Throughput (Billable GB) | C5: ='📊 Usage & Capacity'!C21 -> 0 | D5: ='📥 Inputs'!C25 -> 0.04 | E5: ='📊 Usage & Capacity'!C21*'📥 Inputs'!C25 -> 0 | F5: =E5*12 -> 0 | G5: After 10 GB free tier deducted
B6: Pub/Sub — Free Tier Credit | C6: 10 | D6: — | E6: =MIN(0, -'📊 Usage & Capacity'!C20*'📥 Inputs'!C25) -> -0.0037078857 | F6: =E6*12 -> -0.044494629 | G6: First 10 GB/month free
B7: Pub/Sub Subtotal | E7: =E5+E6 -> -0.0037078857 | F7: =F5+F6 -> -0.044494629
A9: GOOGLE CLOUD STORAGE (GCS) — SNAPSHOTS
B10: Standard Storage | C10: ='📊 Usage & Capacity'!C27 | D10: ='📥 Inputs'!C27 -> 0.02 | E10: ='📊 Usage & Capacity'!C27*'📥 Inputs'!C27 | F10: =E10*12 | G10: Active retention window
B11: Write Operations (Class A) | C11: ='📊 Usage & Capacity'!C28/10000 -> 6.48 | D11: ='📥 Inputs'!C29 -> 0.05 | E11: =('📊 Usage & Capacity'!C28/10000)*'📥 Inputs'!C29 -> 0.324 | F11: =E11*12 -> 3.888 | G11: Per 10,000 ops
B12: Read Operations (Class B) | C12: ='📊 Usage & Capacity'!C29/10000 -> 1.944 | D12: ='📥 Inputs'!C30 -> 0.004 | E12: =('📊 Usage & Capacity'!C29/10000)*'📥 Inputs'!C30 -> 0.007776 | F12: =E12*12 -> 0.093312 | G12: Per 10,000 ops
B13: Egress (est. 10% of snapshots) | C13: ='📊 Usage & Capacity'!C27*0.1 | D13: ='📥 Inputs'!C31 -> 0.08 | E13: ='📊 Usage & Capacity'!C27*0.1*'📥 Inputs'!C31 | F13: =E13*12 | G13: Estimated outbound traffic
B14: GCS Subtotal | E14: =SUM(E10:E13) | F14: =SUM(F10:F13)
A16: CLOUD INFRASTRUCTURE — soca-control + soca-service
B17: soca-control (VM / Cloud Run) | C17: 1 | D17: ='🖥 Infrastructure'!C8 -> 0 | E17: ='🖥 Infrastructure'!C8 -> 0 | F17: =E17*12 -> 0 | G17: See Infrastructure sheet for sizing
B18: soca-service (VM / Cloud Run) | C18: 1 | D18: ='🖥 Infrastructure'!C9 -> 0 | E18: ='🖥 Infrastructure'!C9 -> 0 | F18: =E18*12 -> 0 | G18: See Infrastructure sheet for sizing
B19: Infrastructure Subtotal | E19: =SUM(E17:E18) -> 0 | F19: =SUM(F17:F18) -> 0
B21: TOTAL MONTHLY CLOUD COST | E21: =E7+E14+E19 | F21: =F7+F14+F19

Sheet 🖥 Infrastructure
A1: Infrastructure Sizing Guide
A2: Select deployment type and instance. Costs flow to Cost Breakdown sheet.
A4: CLOUD DEPLOYMENT SELECTION
B5: Component | C5: Selected Instance | D5: Monthly Cost | E5: Notes
B6: soca-control | C6: e2-small | D6: ='📥 Inputs'!C36 -> 10.96 | E6: Django + gunicorn, 2 workers
B7: soca-service | C7: e2-micro | D7: ='📥 Inputs'!C35 -> 5.48 | E7: FastAPI + uvicorn, lightweight
A9: GCE VM SIZING REFERENCE
B10: Instance | C10: vCPU | D10: RAM (GB) | E10: Monthly Cost | F10: Recommended For
B11: e2-micro | C11: 0.25 (shared) | D11: 1 | E11: ='📥 Inputs'!C35 -> 5.48 | F11: soca-service only (<50 edges)
B12: e2-small | C12: 0.5 (shared) | D12: 2 | E12: ='📥 Inputs'!C36 -> 10.96 | F12: soca-control + service (<100 edges)
B13: e2-medium | C13: 1 (shared) | D13: 4 | E13: ='📥 Inputs'!C37 -> 21.92 | F13: Medium deployment (100–500 edges)
B14: e2-standard-2 | C14: 2 | D14: 8 | E14: ='📥 Inputs'!C38 -> 48.92 | F14: Large deployment (500+ edges)
A16: EDGE DEVICE SIZING (soca-dashboard + soca-engine)
A17: Edge devices are on-premise — no cloud cost. Sizing depends on camera count and model type.
B18: Cameras | C18: Min RAM | D18: Min Storage | E18: GPU Required | F18: Notes
B19: 1–4 | C19: 4 GB | D19: 32 GB SSD | E19: No | F19: CPU inference, 1 job at a time
B20: 4–8 | C20: 8 GB | D20: 64 GB SSD | E20: Optional | F20: CPU concurrent jobs or GPU inference
B21: 8–16 | C21: 16 GB | D21: 128 GB SSD | E21: Recommended | F21: GPU required for real-time multi-stream
B22: 16+ | C22: 32 GB | D22: 256 GB SSD | E22: Required | F22: Dedicated GPU server

Sheet 📋 Summary
A1: SOCA Platform — Deployment Summary
A2: Executive cost summary — all figures derived from Inputs sheet
A4: DEPLOYMENT CONFIGURATION
B5: Edge Devices | C5: ='📥 Inputs'!C6 -> 5 | D5: devices
B6: Total Cameras | C6: ='📥 Inputs'!C8 -> 20 | D6: cameras
B7: Alerts / Month | C7: ='📊 Usage & Capacity'!C13 -> 64800 | D7: alerts
B8: Cloud Region | C8: ='📥 Inputs'!C15 -> asia-southeast1
A10: MONTHLY CLOUD COST SUMMARY
B11: Service | C11: Monthly Cost | D11: Annual Cost | E11: % of Total
B12: Google Cloud Pub/Sub | C12: ='💰 Cost Breakdown'!E7 -> -0.0037078857 | D12: ='💰 Cost Breakdown'!F7 -> -0.044494629 | E12: =C12/C15
B13: Google Cloud Storage (GCS) | C13: ='💰 Cost Breakdown'!E14 | D13: ='💰 Cost Breakdown'!F14 | E13: =C13/C15
B14: Cloud Infrastructure | C14: ='💰 Cost Breakdown'!E19 -> 0 | D14: ='💰 Cost Breakdown'!F19 -> 0 | E14: =C14/C15
B15: TOTAL MONTHLY COST | C15: =SUM(C12:C14) | D15: =SUM(D12:D14) | E15: =100% -> 1
A17: UNIT ECONOMICS
B18: Cloud Cost per Camera / Month | C18: =C15/'📥 Inputs'!C8 | D18: per camera | E18: monthly cloud cost ÷ total cameras
B19: Cloud Cost per Edge / Month | C19: =C15/'📥 Inputs'!C6 | D19: per edge | E19: monthly cloud cost ÷ edge devices
B20: Cloud Cost per Alert | C20: =C15/'📊 Usage & Capacity'!C13 | D20: per alert | E20: monthly cloud cost ÷ total alerts/month
B21: GCS Storage per Camera (GB) | C21: ='📊 Usage & Capacity'!C27/'📥 Inputs'!C8 | D21: GB/camera | E21: total GCS storage ÷ total cameras
B22: Pub/Sub Volume per Camera (MB) | C22: ='📊 Usage & Capacity'!C20/'📥 Inputs'!C8*1024 -> 4.7460938 | D22: MB/camera | E22: monthly Pub/Sub volume ÷ total cameras
A25: SCALING TIERS REFERENCE
B26: Tier | C26: Edge Devices | D26: Total Cameras | E26: Est. Monthly Cost | F26: Recommended Infra
B27: Small | C27: 1–5 | D27: 4–20 | E27: $5–15 | F27: e2-micro + e2-micro
B28: Medium | C28: 5–20 | D28: 20–80 | E28: $15–50 | F28: e2-small + e2-micro
B29: Large | C29: 20–100 | D29: 80–400 | E29: $50–200 | F29: e2-medium + e2-small
B30: Enterprise | C30: 100+ | D30: 400+ | E30: $200+ | F30: e2-standard-2 + e2-small
